<?xml version="1.0" encoding="UTF-8"?>
<GenRun Id="impl_1" LaunchPart="xc7a35tcpg236-1" LaunchTime="1669913788">
  <File Type="ROUTE-PWR" Name="Calc_Final_power_routed.rpt"/>
  <File Type="PA-TCL" Name="Calc_Final.tcl"/>
  <File Type="BITSTR-MMI" Name="Calc_Final.mmi"/>
  <File Type="OPT-METHODOLOGY-DRC" Name="Calc_Final_methodology_drc_opted.rpt"/>
  <File Type="INIT-TIMING" Name="Calc_Final_timing_summary_init.rpt"/>
  <File Type="ROUTE-PWR-SUM" Name="Calc_Final_power_summary_routed.pb"/>
  <File Type="REPORTS-TCL" Name="Calc_Final_reports.tcl"/>
  <File Type="OPT-TIMING" Name="Calc_Final_timing_summary_opted.rpt"/>
  <File Type="OPT-DCP" Name="Calc_Final_opt.dcp"/>
  <File Type="OPT-DRC" Name="Calc_Final_drc_opted.rpt"/>
  <File Type="OPT-HWDEF" Name="Calc_Final.hwdef"/>
  <File Type="PWROPT-DCP" Name="Calc_Final_pwropt.dcp"/>
  <File Type="PWROPT-DRC" Name="Calc_Final_drc_pwropted.rpt"/>
  <File Type="PWROPT-TIMING" Name="Calc_Final_timing_summary_pwropted.rpt"/>
  <File Type="PLACE-DCP" Name="Calc_Final_placed.dcp"/>
  <File Type="PLACE-IO" Name="Calc_Final_io_placed.rpt"/>
  <File Type="PLACE-CLK" Name="Calc_Final_clock_utilization_placed.rpt"/>
  <File Type="PLACE-UTIL" Name="Calc_Final_utilization_placed.rpt"/>
  <File Type="PLACE-UTIL-PB" Name="Calc_Final_utilization_placed.pb"/>
  <File Type="PLACE-CTRL" Name="Calc_Final_control_sets_placed.rpt"/>
  <File Type="PLACE-SIMILARITY" Name="Calc_Final_incremental_reuse_placed.rpt"/>
  <File Type="PLACE-PRE-SIMILARITY" Name="Calc_Final_incremental_reuse_pre_placed.rpt"/>
  <File Type="BG-BIN" Name="Calc_Final.bin"/>
  <File Type="PLACE-TIMING" Name="Calc_Final_timing_summary_placed.rpt"/>
  <File Type="POSTPLACE-PWROPT-DCP" Name="Calc_Final_postplace_pwropt.dcp"/>
  <File Type="BITSTR-MSK" Name="Calc_Final.msk"/>
  <File Type="POSTPLACE-PWROPT-TIMING" Name="Calc_Final_timing_summary_postplace_pwropted.rpt"/>
  <File Type="PHYSOPT-DCP" Name="Calc_Final_physopt.dcp"/>
  <File Type="PHYSOPT-DRC" Name="Calc_Final_drc_physopted.rpt"/>
  <File Type="BITSTR-RBT" Name="Calc_Final.rbt"/>
  <File Type="PHYSOPT-TIMING" Name="Calc_Final_timing_summary_physopted.rpt"/>
  <File Type="ROUTE-ERROR-DCP" Name="Calc_Final_routed_error.dcp"/>
  <File Type="ROUTE-DCP" Name="Calc_Final_routed.dcp"/>
  <File Type="ROUTE-BLACKBOX-DCP" Name="Calc_Final_routed_bb.dcp"/>
  <File Type="ROUTE-DRC" Name="Calc_Final_drc_routed.rpt"/>
  <File Type="ROUTE-DRC-PB" Name="Calc_Final_drc_routed.pb"/>
  <File Type="ROUTE-DRC-RPX" Name="Calc_Final_drc_routed.rpx"/>
  <File Type="ROUTE-METHODOLOGY-DRC" Name="Calc_Final_methodology_drc_routed.rpt"/>
  <File Type="ROUTE-METHODOLOGY-DRC-RPX" Name="Calc_Final_methodology_drc_routed.rpx"/>
  <File Type="ROUTE-METHODOLOGY-DRC-PB" Name="Calc_Final_methodology_drc_routed.pb"/>
  <File Type="ROUTE-PWR-RPX" Name="Calc_Final_power_routed.rpx"/>
  <File Type="ROUTE-STATUS" Name="Calc_Final_route_status.rpt"/>
  <File Type="ROUTE-STATUS-PB" Name="Calc_Final_route_status.pb"/>
  <File Type="ROUTE-TIMINGSUMMARY" Name="Calc_Final_timing_summary_routed.rpt"/>
  <File Type="ROUTE-TIMING-PB" Name="Calc_Final_timing_summary_routed.pb"/>
  <File Type="ROUTE-TIMING-RPX" Name="Calc_Final_timing_summary_routed.rpx"/>
  <File Type="ROUTE-SIMILARITY" Name="Calc_Final_incremental_reuse_routed.rpt"/>
  <File Type="ROUTE-CLK" Name="Calc_Final_clock_utilization_routed.rpt"/>
  <File Type="ROUTE-BUS-SKEW" Name="Calc_Final_bus_skew_routed.rpt"/>
  <File Type="ROUTE-BUS-SKEW-PB" Name="Calc_Final_bus_skew_routed.pb"/>
  <File Type="ROUTE-BUS-SKEW-RPX" Name="Calc_Final_bus_skew_routed.rpx"/>
  <File Type="POSTROUTE-PHYSOPT-DCP" Name="Calc_Final_postroute_physopt.dcp"/>
  <File Type="POSTROUTE-PHYSOPT-BLACKBOX-DCP" Name="Calc_Final_postroute_physopt_bb.dcp"/>
  <File Type="POSTROUTE-PHYSOPT-TIMING" Name="Calc_Final_timing_summary_postroute_physopted.rpt"/>
  <File Type="POSTROUTE-PHYSOPT-TIMING-PB" Name="Calc_Final_timing_summary_postroute_physopted.pb"/>
  <File Type="POSTROUTE-PHYSOPT-TIMING-RPX" Name="Calc_Final_timing_summary_postroute_physopted.rpx"/>
  <File Type="POSTROUTE-PHYSOPT-BUS-SKEW" Name="Calc_Final_bus_skew_postroute_physopted.rpt"/>
  <File Type="BG-BIT" Name="Calc_Final.bit"/>
  <File Type="POSTROUTE-PHYSOPT-BUS-SKEW-PB" Name="Calc_Final_bus_skew_postroute_physopted.pb"/>
  <File Type="POSTROUTE-PHYSOPT-BUS-SKEW-RPX" Name="Calc_Final_bus_skew_postroute_physopted.rpx"/>
  <File Type="BITSTR-NKY" Name="Calc_Final.nky"/>
  <File Type="BITSTR-BMM" Name="Calc_Final_bd.bmm"/>
  <File Type="PDI-FILE" Name="Calc_Final.pdi"/>
  <File Type="RCFI_FILE" Name="Calc_Final.rcfi"/>
  <File Type="CFI_FILE" Name="Calc_Final.cfi"/>
  <File Type="RNPI_FILE" Name="Calc_Final.rnpi"/>
  <File Type="NPI_FILE" Name="Calc_Final.npi"/>
  <File Type="RBD_FILE" Name="Calc_Final.rbd"/>
  <File Type="BITSTR-LTX" Name="debug_nets.ltx"/>
  <File Type="BITSTR-LTX" Name="Calc_Final.ltx"/>
  <File Type="BITSTR-SYSDEF" Name="Calc_Final.sysdef"/>
  <File Type="BG-BGN" Name="Calc_Final.bgn"/>
  <File Type="BG-DRC" Name="Calc_Final.drc"/>
  <File Type="RDI-RDI" Name="Calc_Final.vdi"/>
  <File Type="WBT-USG" Name="usage_statistics_webtalk.html"/>
  <File Type="ROUTE-RQS" Name="Calc_Final_routed.rqs"/>
  <File Type="POSTROUTE-PHYSOPT-RQS" Name="Calc_Final_postroute_physopted.rqs"/>
  <File Type="ROUTE-RQS-RPT" Name="route_report_qor_suggestions_0.rpt"/>
  <File Type="POSTROUTE-PHYSOPT-RQS-RPT" Name="postroute_physopt_report_qor_suggestions_0.rpt"/>
  <FileSet Name="sources" Type="DesignSrcs" RelSrcDir="$PSRCDIR/sources_1" RelGenDir="$PGENDIR/sources_1">
    <Filter Type="Srcs"/>
    <File Path="$PSRCDIR/sources_1/imports/sources_1/AddModule.v">
      <FileInfo>
        <Attr Name="ImportPath" Val="$PPRDIR/../Calculator_Final/Calculator_Final.srcs/sources_1/AddModule.v"/>
        <Attr Name="ImportTime" Val="1668648982"/>
        <Attr Name="UsedIn" Val="synthesis"/>
        <Attr Name="UsedIn" Val="implementation"/>
        <Attr Name="UsedIn" Val="simulation"/>
      </FileInfo>
    </File>
    <File Path="$PSRCDIR/sources_1/imports/sources_1/CalcModule.v">
      <FileInfo>
        <Attr Name="ImportPath" Val="$PPRDIR/../Calculator_Final/Calculator_Final.srcs/sources_1/CalcModule.v"/>
        <Attr Name="ImportTime" Val="1669787526"/>
        <Attr Name="UsedIn" Val="synthesis"/>
        <Attr Name="UsedIn" Val="implementation"/>
        <Attr Name="UsedIn" Val="simulation"/>
      </FileInfo>
    </File>
    <File Path="$PSRCDIR/sources_1/imports/sources_1/Driver.v">
      <FileInfo>
        <Attr Name="ImportPath" Val="$PPRDIR/../Calculator_Final/Calculator_Final.srcs/sources_1/Driver.v"/>
        <Attr Name="ImportTime" Val="1669861909"/>
        <Attr Name="UsedIn" Val="synthesis"/>
        <Attr Name="UsedIn" Val="implementation"/>
        <Attr Name="UsedIn" Val="simulation"/>
      </FileInfo>
    </File>
    <File Path="$PSRCDIR/sources_1/imports/sources_1/MultModule.v">
      <FileInfo>
        <Attr Name="ImportPath" Val="$PPRDIR/../Calculator_Final/Calculator_Final.srcs/sources_1/MultModule.v"/>
        <Attr Name="ImportTime" Val="1669775476"/>
        <Attr Name="UsedIn" Val="synthesis"/>
        <Attr Name="UsedIn" Val="implementation"/>
        <Attr Name="UsedIn" Val="simulation"/>
      </FileInfo>
    </File>
    <File Path="$PSRCDIR/sources_1/imports/sources_1/SubModule.v">
      <FileInfo>
        <Attr Name="ImportPath" Val="$PPRDIR/../Calculator_Final/Calculator_Final.srcs/sources_1/SubModule.v"/>
        <Attr Name="ImportTime" Val="1668659822"/>
        <Attr Name="UsedIn" Val="synthesis"/>
        <Attr Name="UsedIn" Val="implementation"/>
        <Attr Name="UsedIn" Val="simulation"/>
      </FileInfo>
    </File>
    <File Path="$PSRCDIR/sources_1/imports/sources_1/addalu.v">
      <FileInfo>
        <Attr Name="ImportPath" Val="$PPRDIR/../Calculator_Final/Calculator_Final.srcs/sources_1/addalu.v"/>
        <Attr Name="ImportTime" Val="1668647969"/>
        <Attr Name="UsedIn" Val="synthesis"/>
        <Attr Name="UsedIn" Val="implementation"/>
        <Attr Name="UsedIn" Val="simulation"/>
      </FileInfo>
    </File>
    <File Path="$PSRCDIR/sources_1/imports/sources_1/adder.v">
      <FileInfo>
        <Attr Name="ImportPath" Val="$PPRDIR/../Calculator_Final/Calculator_Final.srcs/sources_1/adder.v"/>
        <Attr Name="ImportTime" Val="1668651268"/>
        <Attr Name="UsedIn" Val="synthesis"/>
        <Attr Name="UsedIn" Val="implementation"/>
        <Attr Name="UsedIn" Val="simulation"/>
      </FileInfo>
    </File>
    <File Path="$PSRCDIR/sources_1/imports/sources_1/addmfr.v">
      <FileInfo>
        <Attr Name="ImportPath" Val="$PPRDIR/../Calculator_Final/Calculator_Final.srcs/sources_1/addmfr.v"/>
        <Attr Name="ImportTime" Val="1668641217"/>
        <Attr Name="UsedIn" Val="synthesis"/>
        <Attr Name="UsedIn" Val="implementation"/>
        <Attr Name="UsedIn" Val="simulation"/>
      </FileInfo>
    </File>
    <File Path="$PSRCDIR/sources_1/imports/sources_1/debouncer.v">
      <FileInfo>
        <Attr Name="ImportPath" Val="$PPRDIR/../Calculator_Final/Calculator_Final.srcs/sources_1/debouncer.v"/>
        <Attr Name="ImportTime" Val="1667537387"/>
        <Attr Name="UsedIn" Val="synthesis"/>
        <Attr Name="UsedIn" Val="implementation"/>
        <Attr Name="UsedIn" Val="simulation"/>
      </FileInfo>
    </File>
    <File Path="$PSRCDIR/sources_1/imports/sources_1/decoder.v">
      <FileInfo>
        <Attr Name="ImportPath" Val="$PPRDIR/../Calculator_Final/Calculator_Final.srcs/sources_1/decoder.v"/>
        <Attr Name="ImportTime" Val="1669786138"/>
        <Attr Name="UsedIn" Val="synthesis"/>
        <Attr Name="UsedIn" Val="implementation"/>
        <Attr Name="UsedIn" Val="simulation"/>
      </FileInfo>
    </File>
    <File Path="$PSRCDIR/sources_1/imports/sources_1/dff_en.v">
      <FileInfo>
        <Attr Name="ImportPath" Val="$PPRDIR/../Calculator_Final/Calculator_Final.srcs/sources_1/dff_en.v"/>
        <Attr Name="ImportTime" Val="1667491396"/>
        <Attr Name="UsedIn" Val="synthesis"/>
        <Attr Name="UsedIn" Val="implementation"/>
        <Attr Name="UsedIn" Val="simulation"/>
      </FileInfo>
    </File>
    <File Path="$PSRCDIR/sources_1/imports/sources_1/incrementer.v">
      <FileInfo>
        <Attr Name="ImportPath" Val="$PPRDIR/../Calculator_Final/Calculator_Final.srcs/sources_1/incrementer.v"/>
        <Attr Name="ImportTime" Val="1668658297"/>
        <Attr Name="UsedIn" Val="synthesis"/>
        <Attr Name="UsedIn" Val="implementation"/>
        <Attr Name="UsedIn" Val="simulation"/>
      </FileInfo>
    </File>
    <File Path="$PSRCDIR/sources_1/imports/sources_1/multalu.v">
      <FileInfo>
        <Attr Name="ImportPath" Val="$PPRDIR/../Calculator_Final/Calculator_Final.srcs/sources_1/multalu.v"/>
        <Attr Name="ImportTime" Val="1668734296"/>
        <Attr Name="UsedIn" Val="synthesis"/>
        <Attr Name="UsedIn" Val="implementation"/>
        <Attr Name="UsedIn" Val="simulation"/>
      </FileInfo>
    </File>
    <File Path="$PSRCDIR/sources_1/imports/sources_1/multarray.v">
      <FileInfo>
        <Attr Name="ImportPath" Val="$PPRDIR/../Calculator_Final/Calculator_Final.srcs/sources_1/multarray.v"/>
        <Attr Name="ImportTime" Val="1668746589"/>
        <Attr Name="UsedIn" Val="synthesis"/>
        <Attr Name="UsedIn" Val="implementation"/>
        <Attr Name="UsedIn" Val="simulation"/>
      </FileInfo>
    </File>
    <File Path="$PSRCDIR/sources_1/imports/sources_1/multiplier.v">
      <FileInfo>
        <Attr Name="ImportPath" Val="$PPRDIR/../Calculator_Final/Calculator_Final.srcs/sources_1/multiplier.v"/>
        <Attr Name="ImportTime" Val="1668747953"/>
        <Attr Name="UsedIn" Val="synthesis"/>
        <Attr Name="UsedIn" Val="implementation"/>
        <Attr Name="UsedIn" Val="simulation"/>
      </FileInfo>
    </File>
    <File Path="$PSRCDIR/sources_1/imports/sources_1/multmfr.v">
      <FileInfo>
        <Attr Name="ImportPath" Val="$PPRDIR/../Calculator_Final/Calculator_Final.srcs/sources_1/multmfr.v"/>
        <Attr Name="ImportTime" Val="1668734732"/>
        <Attr Name="UsedIn" Val="synthesis"/>
        <Attr Name="UsedIn" Val="implementation"/>
        <Attr Name="UsedIn" Val="simulation"/>
      </FileInfo>
    </File>
    <File Path="$PSRCDIR/sources_1/imports/sources_1/mux2b.v">
      <FileInfo>
        <Attr Name="ImportPath" Val="$PPRDIR/../Calculator_Final/Calculator_Final.srcs/sources_1/mux2b.v"/>
        <Attr Name="ImportTime" Val="1668638707"/>
        <Attr Name="UsedIn" Val="synthesis"/>
        <Attr Name="UsedIn" Val="implementation"/>
        <Attr Name="UsedIn" Val="simulation"/>
      </FileInfo>
    </File>
    <File Path="$PSRCDIR/sources_1/imports/sources_1/mux4b.v">
      <FileInfo>
        <Attr Name="ImportPath" Val="$PPRDIR/../Calculator_Final/Calculator_Final.srcs/sources_1/mux4b.v"/>
        <Attr Name="ImportTime" Val="1668628911"/>
        <Attr Name="UsedIn" Val="synthesis"/>
        <Attr Name="UsedIn" Val="implementation"/>
        <Attr Name="UsedIn" Val="simulation"/>
      </FileInfo>
    </File>
    <File Path="$PSRCDIR/sources_1/imports/sources_1/outreg1.v">
      <FileInfo>
        <Attr Name="ImportPath" Val="$PPRDIR/../Calculator_Final/Calculator_Final.srcs/sources_1/outreg1.v"/>
        <Attr Name="ImportTime" Val="1668631271"/>
        <Attr Name="UsedIn" Val="synthesis"/>
        <Attr Name="UsedIn" Val="implementation"/>
        <Attr Name="UsedIn" Val="simulation"/>
      </FileInfo>
    </File>
    <File Path="$PSRCDIR/sources_1/imports/sources_1/outreg2.v">
      <FileInfo>
        <Attr Name="ImportPath" Val="$PPRDIR/../Calculator_Final/Calculator_Final.srcs/sources_1/outreg2.v"/>
        <Attr Name="ImportTime" Val="1668734939"/>
        <Attr Name="UsedIn" Val="synthesis"/>
        <Attr Name="UsedIn" Val="implementation"/>
        <Attr Name="UsedIn" Val="simulation"/>
      </FileInfo>
    </File>
    <File Path="$PSRCDIR/sources_1/imports/sources_1/register.v">
      <FileInfo>
        <Attr Name="ImportPath" Val="$PPRDIR/../Calculator_Final/Calculator_Final.srcs/sources_1/register.v"/>
        <Attr Name="ImportTime" Val="1668562714"/>
        <Attr Name="UsedIn" Val="synthesis"/>
        <Attr Name="UsedIn" Val="implementation"/>
        <Attr Name="UsedIn" Val="simulation"/>
      </FileInfo>
    </File>
    <File Path="$PSRCDIR/sources_1/imports/sources_1/sseg_mux.v">
      <FileInfo>
        <Attr Name="ImportPath" Val="$PPRDIR/../Calculator_Final/Calculator_Final.srcs/sources_1/sseg_mux.v"/>
        <Attr Name="ImportTime" Val="1669845890"/>
        <Attr Name="UsedIn" Val="synthesis"/>
        <Attr Name="UsedIn" Val="implementation"/>
        <Attr Name="UsedIn" Val="simulation"/>
      </FileInfo>
    </File>
    <File Path="$PSRCDIR/sources_1/imports/sources_1/subalu.v">
      <FileInfo>
        <Attr Name="ImportPath" Val="$PPRDIR/../Calculator_Final/Calculator_Final.srcs/sources_1/subalu.v"/>
        <Attr Name="ImportTime" Val="1668653227"/>
        <Attr Name="UsedIn" Val="synthesis"/>
        <Attr Name="UsedIn" Val="implementation"/>
        <Attr Name="UsedIn" Val="simulation"/>
      </FileInfo>
    </File>
    <File Path="$PSRCDIR/sources_1/imports/sources_1/submfr.v">
      <FileInfo>
        <Attr Name="ImportPath" Val="$PPRDIR/../Calculator_Final/Calculator_Final.srcs/sources_1/submfr.v"/>
        <Attr Name="ImportTime" Val="1668652502"/>
        <Attr Name="UsedIn" Val="synthesis"/>
        <Attr Name="UsedIn" Val="implementation"/>
        <Attr Name="UsedIn" Val="simulation"/>
      </FileInfo>
    </File>
    <File Path="$PSRCDIR/sources_1/imports/sources_1/Calc_Final.v">
      <FileInfo>
        <Attr Name="UsedIn" Val="synthesis"/>
        <Attr Name="UsedIn" Val="implementation"/>
        <Attr Name="UsedIn" Val="simulation"/>
      </FileInfo>
    </File>
    <Config>
      <Option Name="DesignMode" Val="RTL"/>
      <Option Name="TopModule" Val="Calc_Final"/>
      <Option Name="TopAutoSet" Val="TRUE"/>
    </Config>
  </FileSet>
  <FileSet Name="constrs_in" Type="Constrs" RelSrcDir="$PSRCDIR/constrs_1">
    <Filter Type="Constrs"/>
    <File Path="$PSRCDIR/constrs_1/imports/new/Calculator_Final.xdc">
      <FileInfo>
        <Attr Name="ImportPath" Val="$PPRDIR/../Calculator_Final/Calculator_Final.srcs/constrs_1/imports/new/Calculator_Final.xdc"/>
        <Attr Name="ImportTime" Val="1669787370"/>
        <Attr Name="UsedIn" Val="synthesis"/>
        <Attr Name="UsedIn" Val="implementation"/>
      </FileInfo>
    </File>
    <Config>
      <Option Name="ConstrsType" Val="XDC"/>
    </Config>
  </FileSet>
  <FileSet Name="utils" Type="Utils" RelSrcDir="$PSRCDIR/utils_1">
    <Filter Type="Utils"/>
    <File Path="$PSRCDIR/utils_1/imports/synth_1/Calctodisp.dcp">
      <FileInfo>
        <Attr Name="UsedIn" Val="synthesis"/>
        <Attr Name="UsedIn" Val="implementation"/>
        <Attr Name="UsedInSteps" Val="synth_1"/>
        <Attr Name="AutoDcp" Val="1"/>
      </FileInfo>
    </File>
    <Config>
      <Option Name="TopAutoSet" Val="TRUE"/>
    </Config>
  </FileSet>
  <Strategy Version="1" Minor="2">
    <StratHandle Name="Vivado Implementation Defaults" Flow="Vivado Implementation 2022"/>
    <Step Id="init_design"/>
    <Step Id="opt_design"/>
    <Step Id="power_opt_design"/>
    <Step Id="place_design"/>
    <Step Id="post_place_power_opt_design"/>
    <Step Id="phys_opt_design"/>
    <Step Id="route_design"/>
    <Step Id="post_route_phys_opt_design"/>
    <Step Id="write_bitstream"/>
  </Strategy>
</GenRun>
