<?xml version="1.0" encoding="UTF-8"?>
<GenRun Id="synth_1" LaunchPart="xc7a35tcpg236-1" LaunchTime="1669913788" LaunchIncrCheckpoint="$PSRCDIR/utils_1/imports/synth_1/Calctodisp.dcp">
  <File Type="PA-TCL" Name="Calc_Final.tcl"/>
  <File Type="RDS-PROPCONSTRS" Name="Calc_Final_drc_synth.rpt"/>
  <File Type="REPORTS-TCL" Name="Calc_Final_reports.tcl"/>
  <File Type="RDS-RDS" Name="Calc_Final.vds"/>
  <File Type="RDS-UTIL" Name="Calc_Final_utilization_synth.rpt"/>
  <File Type="RDS-UTIL-PB" Name="Calc_Final_utilization_synth.pb"/>
  <File Type="RDS-DCP" Name="Calc_Final.dcp"/>
  <File Type="VDS-TIMINGSUMMARY" Name="Calc_Final_timing_summary_synth.rpt"/>
  <File Type="VDS-TIMING-PB" Name="Calc_Final_timing_summary_synth.pb"/>
  <FileSet Name="sources" Type="DesignSrcs" RelSrcDir="$PSRCDIR/sources_1" RelGenDir="$PGENDIR/sources_1">
    <Filter Type="Srcs"/>
    <File Path="$PSRCDIR/sources_1/imports/sources_1/AddModule.v">
      <FileInfo>
        <Attr Name="ImportPath" Val="$PPRDIR/../Calculator_Final/Calculator_Final.srcs/sources_1/AddModule.v"/>
        <Attr Name="ImportTime" Val="1668648982"/>
        <Attr Name="UsedIn" Val="synthesis"/>
        <Attr Name="UsedIn" Val="implementation"/>
        <Attr Name="UsedIn" Val="simulation"/>
      </FileInfo>
    </File>
    <File Path="$PSRCDIR/sources_1/imports/sources_1/CalcModule.v">
      <FileInfo>
        <Attr Name="ImportPath" Val="$PPRDIR/../Calculator_Final/Calculator_Final.srcs/sources_1/CalcModule.v"/>
        <Attr Name="ImportTime" Val="1669787526"/>
        <Attr Name="UsedIn" Val="synthesis"/>
        <Attr Name="UsedIn" Val="implementation"/>
        <Attr Name="UsedIn" Val="simulation"/>
      </FileInfo>
    </File>
    <File Path="$PSRCDIR/sources_1/imports/sources_1/Driver.v">
      <FileInfo>
        <Attr Name="ImportPath" Val="$PPRDIR/../Calculator_Final/Calculator_Final.srcs/sources_1/Driver.v"/>
        <Attr Name="ImportTime" Val="1669861909"/>
        <Attr Name="UsedIn" Val="synthesis"/>
        <Attr Name="UsedIn" Val="implementation"/>
        <Attr Name="UsedIn" Val="simulation"/>
      </FileInfo>
    </File>
    <File Path="$PSRCDIR/sources_1/imports/sources_1/MultModule.v">
      <FileInfo>
        <Attr Name="ImportPath" Val="$PPRDIR/../Calculator_Final/Calculator_Final.srcs/sources_1/MultModule.v"/>
        <Attr Name="ImportTime" Val="1669775476"/>
        <Attr Name="UsedIn" Val="synthesis"/>
        <Attr Name="UsedIn" Val="implementation"/>
        <Attr Name="UsedIn" Val="simulation"/>
      </FileInfo>
    </File>
    <File Path="$PSRCDIR/sources_1/imports/sources_1/SubModule.v">
      <FileInfo>
        <Attr Name="ImportPath" Val="$PPRDIR/../Calculator_Final/Calculator_Final.srcs/sources_1/SubModule.v"/>
        <Attr Name="ImportTime" Val="1668659822"/>
        <Attr Name="UsedIn" Val="synthesis"/>
        <Attr Name="UsedIn" Val="implementation"/>
        <Attr Name="UsedIn" Val="simulation"/>
      </FileInfo>
    </File>
    <File Path="$PSRCDIR/sources_1/imports/sources_1/addalu.v">
      <FileInfo>
        <Attr Name="ImportPath" Val="$PPRDIR/../Calculator_Final/Calculator_Final.srcs/sources_1/addalu.v"/>
        <Attr Name="ImportTime" Val="1668647969"/>
        <Attr Name="UsedIn" Val="synthesis"/>
        <Attr Name="UsedIn" Val="implementation"/>
        <Attr Name="UsedIn" Val="simulation"/>
      </FileInfo>
    </File>
    <File Path="$PSRCDIR/sources_1/imports/sources_1/adder.v">
      <FileInfo>
        <Attr Name="ImportPath" Val="$PPRDIR/../Calculator_Final/Calculator_Final.srcs/sources_1/adder.v"/>
        <Attr Name="ImportTime" Val="1668651268"/>
        <Attr Name="UsedIn" Val="synthesis"/>
        <Attr Name="UsedIn" Val="implementation"/>
        <Attr Name="UsedIn" Val="simulation"/>
      </FileInfo>
    </File>
    <File Path="$PSRCDIR/sources_1/imports/sources_1/addmfr.v">
      <FileInfo>
        <Attr Name="ImportPath" Val="$PPRDIR/../Calculator_Final/Calculator_Final.srcs/sources_1/addmfr.v"/>
        <Attr Name="ImportTime" Val="1668641217"/>
        <Attr Name="UsedIn" Val="synthesis"/>
        <Attr Name="UsedIn" Val="implementation"/>
        <Attr Name="UsedIn" Val="simulation"/>
      </FileInfo>
    </File>
    <File Path="$PSRCDIR/sources_1/imports/sources_1/debouncer.v">
      <FileInfo>
        <Attr Name="ImportPath" Val="$PPRDIR/../Calculator_Final/Calculator_Final.srcs/sources_1/debouncer.v"/>
        <Attr Name="ImportTime" Val="1667537387"/>
        <Attr Name="UsedIn" Val="synthesis"/>
        <Attr Name="UsedIn" Val="implementation"/>
        <Attr Name="UsedIn" Val="simulation"/>
      </FileInfo>
    </File>
    <File Path="$PSRCDIR/sources_1/imports/sources_1/decoder.v">
      <FileInfo>
        <Attr Name="ImportPath" Val="$PPRDIR/../Calculator_Final/Calculator_Final.srcs/sources_1/decoder.v"/>
        <Attr Name="ImportTime" Val="1669786138"/>
        <Attr Name="UsedIn" Val="synthesis"/>
        <Attr Name="UsedIn" Val="implementation"/>
        <Attr Name="UsedIn" Val="simulation"/>
      </FileInfo>
    </File>
    <File Path="$PSRCDIR/sources_1/imports/sources_1/dff_en.v">
      <FileInfo>
        <Attr Name="ImportPath" Val="$PPRDIR/../Calculator_Final/Calculator_Final.srcs/sources_1/dff_en.v"/>
        <Attr Name="ImportTime" Val="1667491396"/>
        <Attr Name="UsedIn" Val="synthesis"/>
        <Attr Name="UsedIn" Val="implementation"/>
        <Attr Name="UsedIn" Val="simulation"/>
      </FileInfo>
    </File>
    <File Path="$PSRCDIR/sources_1/imports/sources_1/incrementer.v">
      <FileInfo>
        <Attr Name="ImportPath" Val="$PPRDIR/../Calculator_Final/Calculator_Final.srcs/sources_1/incrementer.v"/>
        <Attr Name="ImportTime" Val="1668658297"/>
        <Attr Name="UsedIn" Val="synthesis"/>
        <Attr Name="UsedIn" Val="implementation"/>
        <Attr Name="UsedIn" Val="simulation"/>
      </FileInfo>
    </File>
    <File Path="$PSRCDIR/sources_1/imports/sources_1/multalu.v">
      <FileInfo>
        <Attr Name="ImportPath" Val="$PPRDIR/../Calculator_Final/Calculator_Final.srcs/sources_1/multalu.v"/>
        <Attr Name="ImportTime" Val="1668734296"/>
        <Attr Name="UsedIn" Val="synthesis"/>
        <Attr Name="UsedIn" Val="implementation"/>
        <Attr Name="UsedIn" Val="simulation"/>
      </FileInfo>
    </File>
    <File Path="$PSRCDIR/sources_1/imports/sources_1/multarray.v">
      <FileInfo>
        <Attr Name="ImportPath" Val="$PPRDIR/../Calculator_Final/Calculator_Final.srcs/sources_1/multarray.v"/>
        <Attr Name="ImportTime" Val="1668746589"/>
        <Attr Name="UsedIn" Val="synthesis"/>
        <Attr Name="UsedIn" Val="implementation"/>
        <Attr Name="UsedIn" Val="simulation"/>
      </FileInfo>
    </File>
    <File Path="$PSRCDIR/sources_1/imports/sources_1/multiplier.v">
      <FileInfo>
        <Attr Name="ImportPath" Val="$PPRDIR/../Calculator_Final/Calculator_Final.srcs/sources_1/multiplier.v"/>
        <Attr Name="ImportTime" Val="1668747953"/>
        <Attr Name="UsedIn" Val="synthesis"/>
        <Attr Name="UsedIn" Val="implementation"/>
        <Attr Name="UsedIn" Val="simulation"/>
      </FileInfo>
    </File>
    <File Path="$PSRCDIR/sources_1/imports/sources_1/multmfr.v">
      <FileInfo>
        <Attr Name="ImportPath" Val="$PPRDIR/../Calculator_Final/Calculator_Final.srcs/sources_1/multmfr.v"/>
        <Attr Name="ImportTime" Val="1668734732"/>
        <Attr Name="UsedIn" Val="synthesis"/>
        <Attr Name="UsedIn" Val="implementation"/>
        <Attr Name="UsedIn" Val="simulation"/>
      </FileInfo>
    </File>
    <File Path="$PSRCDIR/sources_1/imports/sources_1/mux2b.v">
      <FileInfo>
        <Attr Name="ImportPath" Val="$PPRDIR/../Calculator_Final/Calculator_Final.srcs/sources_1/mux2b.v"/>
        <Attr Name="ImportTime" Val="1668638707"/>
        <Attr Name="UsedIn" Val="synthesis"/>
        <Attr Name="UsedIn" Val="implementation"/>
        <Attr Name="UsedIn" Val="simulation"/>
      </FileInfo>
    </File>
    <File Path="$PSRCDIR/sources_1/imports/sources_1/mux4b.v">
      <FileInfo>
        <Attr Name="ImportPath" Val="$PPRDIR/../Calculator_Final/Calculator_Final.srcs/sources_1/mux4b.v"/>
        <Attr Name="ImportTime" Val="1668628911"/>
        <Attr Name="UsedIn" Val="synthesis"/>
        <Attr Name="UsedIn" Val="implementation"/>
        <Attr Name="UsedIn" Val="simulation"/>
      </FileInfo>
    </File>
    <File Path="$PSRCDIR/sources_1/imports/sources_1/outreg1.v">
      <FileInfo>
        <Attr Name="ImportPath" Val="$PPRDIR/../Calculator_Final/Calculator_Final.srcs/sources_1/outreg1.v"/>
        <Attr Name="ImportTime" Val="1668631271"/>
        <Attr Name="UsedIn" Val="synthesis"/>
        <Attr Name="UsedIn" Val="implementation"/>
        <Attr Name="UsedIn" Val="simulation"/>
      </FileInfo>
    </File>
    <File Path="$PSRCDIR/sources_1/imports/sources_1/outreg2.v">
      <FileInfo>
        <Attr Name="ImportPath" Val="$PPRDIR/../Calculator_Final/Calculator_Final.srcs/sources_1/outreg2.v"/>
        <Attr Name="ImportTime" Val="1668734939"/>
        <Attr Name="UsedIn" Val="synthesis"/>
        <Attr Name="UsedIn" Val="implementation"/>
        <Attr Name="UsedIn" Val="simulation"/>
      </FileInfo>
    </File>
    <File Path="$PSRCDIR/sources_1/imports/sources_1/register.v">
      <FileInfo>
        <Attr Name="ImportPath" Val="$PPRDIR/../Calculator_Final/Calculator_Final.srcs/sources_1/register.v"/>
        <Attr Name="ImportTime" Val="1668562714"/>
        <Attr Name="UsedIn" Val="synthesis"/>
        <Attr Name="UsedIn" Val="implementation"/>
        <Attr Name="UsedIn" Val="simulation"/>
      </FileInfo>
    </File>
    <File Path="$PSRCDIR/sources_1/imports/sources_1/sseg_mux.v">
      <FileInfo>
        <Attr Name="ImportPath" Val="$PPRDIR/../Calculator_Final/Calculator_Final.srcs/sources_1/sseg_mux.v"/>
        <Attr Name="ImportTime" Val="1669845890"/>
        <Attr Name="UsedIn" Val="synthesis"/>
        <Attr Name="UsedIn" Val="implementation"/>
        <Attr Name="UsedIn" Val="simulation"/>
      </FileInfo>
    </File>
    <File Path="$PSRCDIR/sources_1/imports/sources_1/subalu.v">
      <FileInfo>
        <Attr Name="ImportPath" Val="$PPRDIR/../Calculator_Final/Calculator_Final.srcs/sources_1/subalu.v"/>
        <Attr Name="ImportTime" Val="1668653227"/>
        <Attr Name="UsedIn" Val="synthesis"/>
        <Attr Name="UsedIn" Val="implementation"/>
        <Attr Name="UsedIn" Val="simulation"/>
      </FileInfo>
    </File>
    <File Path="$PSRCDIR/sources_1/imports/sources_1/submfr.v">
      <FileInfo>
        <Attr Name="ImportPath" Val="$PPRDIR/../Calculator_Final/Calculator_Final.srcs/sources_1/submfr.v"/>
        <Attr Name="ImportTime" Val="1668652502"/>
        <Attr Name="UsedIn" Val="synthesis"/>
        <Attr Name="UsedIn" Val="implementation"/>
        <Attr Name="UsedIn" Val="simulation"/>
      </FileInfo>
    </File>
    <File Path="$PSRCDIR/sources_1/imports/sources_1/Calc_Final.v">
      <FileInfo>
        <Attr Name="UsedIn" Val="synthesis"/>
        <Attr Name="UsedIn" Val="implementation"/>
        <Attr Name="UsedIn" Val="simulation"/>
      </FileInfo>
    </File>
    <Config>
      <Option Name="DesignMode" Val="RTL"/>
      <Option Name="TopModule" Val="Calc_Final"/>
      <Option Name="TopAutoSet" Val="TRUE"/>
    </Config>
  </FileSet>
  <FileSet Name="constrs_in" Type="Constrs" RelSrcDir="$PSRCDIR/constrs_1">
    <Filter Type="Constrs"/>
    <File Path="$PSRCDIR/constrs_1/imports/new/Calculator_Final.xdc">
      <FileInfo>
        <Attr Name="ImportPath" Val="$PPRDIR/../Calculator_Final/Calculator_Final.srcs/constrs_1/imports/new/Calculator_Final.xdc"/>
        <Attr Name="ImportTime" Val="1669787370"/>
        <Attr Name="UsedIn" Val="synthesis"/>
        <Attr Name="UsedIn" Val="implementation"/>
      </FileInfo>
    </File>
    <Config>
      <Option Name="ConstrsType" Val="XDC"/>
    </Config>
  </FileSet>
  <FileSet Name="utils" Type="Utils" RelSrcDir="$PSRCDIR/utils_1">
    <Filter Type="Utils"/>
    <File Path="$PSRCDIR/utils_1/imports/synth_1/Calctodisp.dcp">
      <FileInfo>
        <Attr Name="UsedIn" Val="synthesis"/>
        <Attr Name="UsedIn" Val="implementation"/>
        <Attr Name="UsedInSteps" Val="synth_1"/>
        <Attr Name="AutoDcp" Val="1"/>
      </FileInfo>
    </File>
    <Config>
      <Option Name="TopAutoSet" Val="TRUE"/>
    </Config>
  </FileSet>
  <Strategy Version="1" Minor="2">
    <StratHandle Name="Vivado Synthesis Defaults" Flow="Vivado Synthesis 2022"/>
    <Step Id="synth_design"/>
  </Strategy>
</GenRun>
